location,date_installed,Model,serial_number,ip_address,AlertThreshold
Sardi 8th Floor UPS01,11/1/2018,SMART1500RM2U,2827DY0SM820600654,10.230.203.33,3
Sardi 8th Floor UPS02,11/2/2018,SMART1500RM2U,2827DY0SM820600655,10.230.203.34,3
Sardi 8th Floor UPS03,11/2/2018,SMART1500RM2U,2827DY0SM820600657,10.230.203.35,3
Golden-BO-UPS01,10/22/2019,SMART1000RM1U,2917CV01677D400103,10.1.130.100,3
Golden-IDF-UPS01,5/1/2023,SMART1000RM2U,2919DV0AC8ACD04349,10.1.130.101,3
Majestic-IDF-UPS01,1/9/2020,SMART1000RM2U,2919DV0AC8ACD01336,10.1.131.101,3
Musicbox-BO-UPS01,12/20/2021,SMART1000RM1U,3046HAFAC8B4500569,10.1.134.100,3
Schoenfeld-BO-UPS01,12/22/2021,SMART1000RM1U,3046HAFAC8B4500147,10.1.139.100,
Jacobs-BO-UPS01,4/25/2022,SMART1500RM2UN,3142KVYSM890100491,10.1.142.100,3
Longacre-BO-UPS01,5/26/2022,SMART1500RM2UN,3142KVYSM890100485,10.1.135.100,
Barrymore-BO-UPS01,6/13/2022,SMART1500RM2UN,3142KVYSM890100481,10.1.132.100,
Shubert-BO-UPS01,6/16/2022,SMART1500RM2UN,3142KVYSM890100094,10.1.140.100,3
Majestic-BO-UPS01,6/24/2022,SMART1500RM2UN,??,10.1.131.100,3
Jones-BO-UPS01,8/24/2022,SMART1500RM2UN,3218NVYSM890100376,10.1.149.100,3
Broadhurst-BO-UPS01,9/27/2022,SMART1000RM1U,3046HAFAC8B4500534,10.1.141.100,3
Broadway-BO-UPS01,9/28/2022,SMART1500RM2UN,3218NVYSM890100044,10.1.144.100,3
Belasco-BO-UPS01,9/29/2022,SMART1500RM2UN,??,10.1.137.100,3
Exec 3rd Floor UPS01,10/14/2022,APC Smart-UPS X 1500,AS2213154264,10.245.203.100,3
Exec 3rd Floor UPS02,10/14/2022,APC Smart-UPS X 1500,AS2213154409,10.245.203.101,0.21
Belasco-TM-UPS01,11/8/2022,APC BR1500MS2,4B2136P12503,no network,25
Lyceum-BO-UPS01,1/26/2023,SMART1500RM2UN,3218NVYSM890100445,10.1.143.100,0.00022831
Ambassador-BO-UPS01,12/30/2023,SMART1500RM2UN,3218NVYSM890100166,10.1.145.100,0.008219178
Booth,9/1/2021,??,??,10.1.133.100,3
WinterGarden,12/6/2023,??,??,10.1.138.100,3
Imperial,12/6/2023,??,??,10.1.136.200,3
Adobe CC license renewal,08/15/2021,Adobe CC,37758876333,N/A,0.00022831
Minskoff,12/30/2023,SMART1500RM2UN,4734353544,10.1.145.100,2029-01-06
Location,Date Installed,Model,Serial Number ,ip_address,Alert Threshold (Years) 
Wuluhan,12/31/2023,Kwimbee,2061116086,43.176.120.18,3.79653
Besukrejo,8/24/2025,Buzzster,1845440218,79.180.29.157,3.49422
Petrikov,9/29/2024,Avavee,2042980897,68.225.176.246,3.82458
Taiping,3/24/2022,Realcube,0588516325,117.142.43.190,1.21941
Quinocay,4/20/2026,Cogilith,1450338941,2.102.219.159,0.4653
Anse Boileau,11/16/2026,Kwinu,5580340389,122.148.106.201,4.48097
Goúrnes,4/5/2029,Yodoo,2034476174,169.24.36.183,2.70665
Västerås,10/28/2023,Skilith,4095325364,66.190.42.7,1.93239
Novyy Karachay,1/16/2020,Voolia,4112538634,133.133.124.117,5.87118
Sipirok,12/21/2026,Cogidoo,4923352329,199.38.44.225,2.23579
Polonnaruwa,9/5/2019,Skinte,7088765942,231.54.63.10,3.80293
Daxi,7/27/2025,Fivespan,7141874569,32.120.62.225,5.5861
La Francia,10/3/2023,Innotype,6669255888,56.140.104.175,0.43843
Mungui,7/29/2028,Chatterpoint,0256847746,11.51.31.175,1.48091
Temizhbekskaya,5/6/2019,Agivu,8349071516,0.12.122.35,4.20259
Ropa,2/10/2025,Aimbu,3273587040,89.208.57.66,1.85546
Liuzhou,10/22/2027,Jabbersphere,5244290495,200.62.15.108,4.60093
Muramvya,10/11/2021,Wordware,1479271349,186.101.237.66,5.812
Surgut,8/5/2026,Meeveo,4570412564,46.239.175.174,4.04616
General Viamonte,9/23/2026,Cogidoo,4718081173,53.102.40.216,4.00133
Baini,4/7/2025,Flipstorm,3058515812,154.62.180.66,1.78878
Maiac,10/23/2020,Yata,9940413270,67.238.26.195,3.02505
Half Way Tree,3/10/2019,Abata,0573180865,174.24.101.231,3.32379
Houston,10/27/2019,Lajo,4167727536,108.29.106.73,1.55674
Kawanishi,8/28/2021,Realbuzz,9380368232,26.113.236.57,5.53623
Aldana,4/6/2024,Innotype,9235895383,97.164.140.239,4.26661
Buffalo,6/6/2027,Topicware,0769003737,249.26.254.18,4.79357
Kabar Utara,1/6/2020,Camido,5346856897,11.23.182.86,0.37945
Smārde,7/14/2027,Tagpad,2170179542,69.130.100.243,2.622
Kashiwazaki,11/7/2019,Jabbersphere,7214132222,43.160.136.100,2.11881
New Leyte,7/9/2020,Layo,8104635018,249.126.248.66,0.79116
Kuvshinovo,7/3/2027,Wikibox,6454891941,134.212.9.104,5.22948
Ypacarai,4/3/2026,Twitterworks,6345309028,168.234.162.183,0.86523
Obubra,7/21/2024,Digitube,6034149835,8.53.122.105,5.97646
Sangesi,2/16/2028,Eamia,2190845521,88.221.116.238,1.93807
Dauphin,7/18/2029,Avamba,2876063069,247.251.144.248,0.26701
Kasina Wielka,12/10/2029,Fanoodle,0094882010,33.215.252.106,2.34521
Noeltoko,8/15/2025,Topicware,2944864971,46.11.190.208,5.9448
Tangxing,5/2/2029,Quaxo,1154731022,1.23.120.249,3.79959
Brest,12/26/2018,Eamia,5754780672,153.21.58.172,2.96207
Tegallega,8/5/2026,Dynava,6286679200,107.251.76.239,1.09896
Amsterdam Noord west,10/24/2025,Photolist,1429094184,232.174.182.138,2.30737
Muranovo,8/13/2020,Latz,4949486985,56.227.198.204,1.44302
Tamansari,8/2/2020,Ozu,9380692005,183.124.59.159,3.37525
Shingū,8/21/2029,Brainlounge,1196392846,102.113.94.122,4.87154
Bentengjawa,8/19/2022,Feedmix,8413452988,247.247.126.122,4.89146
Guaíra,8/4/2021,Twitterlist,2678924033,61.62.118.248,5.7208
Chiri-Yurt,12/28/2028,Jayo,0556558685,29.96.93.41,3.58617
Wangzuo,8/23/2028,Eayo,1280631058,20.235.153.164,2.71092
Karangsari,2/13/2024,Snaptags,1013356799,108.92.64.141,2.84549
Yiyang,8/17/2019,Eayo,3314546831,178.194.49.22,1.09395
Horodok,9/18/2023,Voonte,7686198979,233.16.247.243,5.91532
Fontem,12/22/2028,Jaxnation,9722269402,227.197.206.12,2.71143
Kampunganyar,6/17/2020,Divape,6751548400,255.149.12.122,3.42991
Porto de Mós,12/22/2021,Voomm,5622355540,104.66.114.130,3.06446
Sirnasari,11/24/2026,Eimbee,7976067567,96.241.199.215,2.57114
Longka,3/14/2027,Omba,4393072081,136.80.234.127,5.62995
Ranilug,9/3/2028,Photojam,6366924473,217.161.209.163,4.44157
Sojo,11/6/2027,Topicstorm,9575268709,247.102.148.216,5.53207
Aksu,9/30/2021,Jabberstorm,9289758015,5.73.25.233,1.70571
Mashiko,12/3/2020,Pixonyx,1418042749,66.77.223.224,3.2601
Veinticinco de Mayo,10/16/2020,Layo,9524811154,126.120.120.50,2.23678
Timaru,5/10/2027,Realmix,5222290395,236.126.33.0,5.87624
Irecê,8/14/2023,Thoughtbridge,6259325207,4.156.160.190,2.73031
Santa Rita Aplaya,9/22/2028,Skidoo,9790674619,137.157.74.184,1.82487
Yanjiang,4/10/2028,Shufflester,7800525481,90.139.149.86,5.72281
Ituzaingó,7/7/2024,Realbridge,0482636173,91.48.40.44,3.67362
Palopo,3/21/2019,Yakidoo,2326606450,234.94.57.197,3.37852
Zhenyuan,5/12/2028,Feedbug,0825725259,45.223.243.197,5.12081
Nanaimo,3/24/2028,Dynabox,6785218500,247.130.253.209,5.99201
Bazi,7/15/2020,Yakitri,7364899790,14.119.94.149,1.87963
Nakonde,9/30/2022,Browsebug,5781438335,188.108.107.141,5.4628
Lephalale,9/30/2029,Kazio,1718364733,27.77.124.105,5.83218
Eskilstuna,12/1/2023,Flipopia,4650669146,232.171.84.228,5.01082
Shuozhou,2/6/2021,Ooba,9422497825,248.241.2.35,5.11414
Nyimba,4/1/2024,Mydo,5003920563,72.175.74.2,5.3024
Ciudad Guayana,7/6/2019,Ozu,1127289756,29.126.162.119,3.17866
Qufu,6/12/2028,Buzzbean,8287149983,161.140.122.10,5.74466
Nantou,3/8/2027,Blogtag,7603700906,43.203.249.83,1.50093
Belūsovka,5/16/2024,Zoonder,2365304087,72.204.4.240,3.89187
Oebai,7/28/2026,Innotype,2620077338,213.81.206.7,4.49185
Hyattsville,9/21/2019,Janyx,1080745513,48.68.241.182,3.04127
Gakovo,11/12/2021,Twinte,9892980891,55.238.3.164,4.51225
Bafia,3/5/2028,Roombo,9983726785,194.140.86.0,0.27695
Tiecun,12/11/2021,Demimbu,4095348674,172.55.183.211,2.56231
Stavanger,11/17/2027,Kazio,5066236171,170.176.85.138,2.49354
Kokembang,4/24/2026,Skyndu,9060509064,23.53.200.182,2.95246
Itaberaí,10/9/2028,Blogspan,1306184592,77.202.225.230,5.11444
Lloqan,12/27/2019,Pixoboo,0144663554,100.71.154.245,2.19937
Shāhpur Chākar,7/28/2026,Photospace,7851919398,181.48.217.9,1.33228
Soledad,11/15/2028,Realcube,3013231254,4.154.6.114,0.06718
Omutninsk,5/24/2022,Meemm,3363474962,202.70.49.157,2.79657
Kudanding,5/19/2022,Ooba,3072692270,229.83.44.200,3.62844
Châteauroux,5/31/2029,Flashdog,7190055282,72.116.171.72,2.73852
Morshansk,7/22/2025,Voolia,2991320907,81.122.218.28,0.9499
Longvic,8/18/2029,Avavee,7998672757,13.139.123.76,2.06139
Ramón Castilla,10/13/2021,Jaxspan,3190286450,202.228.36.70,3.93432
Duncans,12/27/2028,Kazu,1361765380,208.15.253.199,1.56882
Wat Bot,10/12/2028,Skynoodle,4232693580,6.178.188.166,0.33308
Pallanchacra,12/20/2028,Skynoodle,1678240591,236.121.223.66,4.70846
Jagabaya Dua,7/18/2027,Thoughtmix,1275304036,176.67.45.251,4.44452
Al Majd,11/17/2029,Oba,7658776939,171.51.153.165,3.26306
Hlusk,3/1/2027,Babbleset,9512220261,25.138.46.189,3.34948
Yaosai,7/27/2029,Avamba,4577837803,240.204.209.70,0.49834
Washington,6/3/2025,Buzzbean,3576179704,54.237.108.32,1.92504
Guiping,7/24/2019,Skidoo,0084286628,182.161.255.111,1.34356
Täby,11/25/2029,Centidel,2478557401,112.233.227.10,5.58689
Karangasem,7/14/2021,Shuffledrive,8202411343,70.249.101.21,5.25058
Mandōl,10/3/2029,Rhybox,5838093641,138.104.71.174,4.32109
Fengcheng,5/14/2022,Demizz,2232492648,131.239.216.7,5.11841
Dubrava,4/9/2029,Gigashots,5846289983,103.125.176.151,0.16753
Fujinomiya,4/21/2019,Divavu,4823445821,244.56.75.66,5.97917
Kattaqo’rg’on,12/19/2019,Eamia,6950265131,87.142.177.141,4.66626
Geshan,8/13/2019,Agimba,2395407186,215.142.104.51,5.92808
Taquari,8/2/2026,Buzzbean,2877242706,154.242.71.22,0.50672
Ḩāfiz̧ Moghul,9/25/2026,Jaloo,6594728229,145.189.199.16,4.34069
Kadubadak,5/22/2022,Jabberstorm,8437413982,75.201.120.237,3.61691
Vicente Guerrero,6/18/2029,Zoomzone,9555140804,87.86.159.78,0.7039
Cam Ranh,5/8/2019,Jayo,7639334497,86.159.198.79,2.47815
Zhexiao,2/12/2021,Rooxo,8999246566,240.122.173.149,3.1628
Tanrake Village,2/20/2026,Kamba,8889656662,58.243.100.255,2.7807
Itéa,12/15/2019,Tambee,7468626154,249.226.163.237,5.66941
Skulsk,7/10/2024,Oyoyo,6482846351,224.179.254.192,5.63153
Tendō,4/4/2021,Wikizz,4141487376,83.102.246.190,4.93093
Cikarang,3/9/2021,Ailane,7471099828,170.221.244.216,0.04516
Isabela,1/26/2020,Fivechat,0418415870,251.118.70.211,2.02088
Balzar,5/21/2024,Kaymbo,4657972243,174.239.86.170,5.70193
Tshela,9/17/2028,Jabbersphere,6007675998,150.44.216.11,2.4638
Clones,7/19/2022,Rhybox,6645745060,123.122.63.95,1.09975
Valejas,10/10/2028,Eazzy,1516641868,41.206.116.181,3.4968
San Juan,2/17/2022,Meemm,0573426872,187.246.242.36,3.34397
Kemiri Daya,12/12/2024,Eadel,2735024768,102.227.217.194,4.81223
El Vigía,4/15/2029,Zava,0317352547,122.74.191.178,4.17919
Jialai,12/16/2029,Skyba,7380984101,243.209.79.15,1.27805
Camgyai,7/16/2027,Edgetag,6006130408,55.64.53.96,1.36552
Semarapura,8/30/2021,Gigazoom,3288001144,200.211.78.212,4.11212
Bell Ville,8/21/2025,Brightdog,1319857965,251.207.51.163,1.36006
Simpang,12/3/2028,Npath,5493871750,121.81.164.226,5.26151
Kemil,7/28/2020,Fivebridge,4345342171,23.68.22.156,3.18766
Tianyi,1/16/2024,BlogXS,5517355013,115.204.130.173,5.68509
Chujiang,2/8/2026,Skimia,3078883671,246.206.234.229,0.27403
Frashër,8/5/2021,Lajo,8406721499,229.179.208.199,0.23824
Noebesa,4/18/2020,Dabfeed,5676605588,40.8.77.30,3.75667
Pidvolochys’k,9/21/2029,Kare,5432404958,57.188.16.24,5.57444
Krasnotur’insk,11/19/2021,Voomm,0580278271,24.48.7.192,0.86789
Buinsk,1/9/2026,Latz,3845974400,207.122.239.166,5.34401
Al Jaghbūb,12/27/2025,Eare,6163759486,51.219.139.180,1.03644
Arapongas,1/8/2027,Kaymbo,6739326800,91.189.162.62,0.84911
Leuburi,2/13/2026,Wordware,8568404111,132.230.205.129,3.29432
Anzhero-Sudzhensk,4/16/2026,Jayo,9870131700,137.137.221.255,0.81209
Baiyang,1/8/2023,Twinder,5533460322,183.252.114.16,5.49182
Zhangjiayuan,3/10/2021,Feedfish,2535302519,35.102.65.40,3.54103
Maraã,10/25/2027,Dynazzy,7624607115,182.245.147.34,5.76288
Kaliningrad,2/28/2021,Yombu,3797179812,3.87.166.161,3.31581
Bethanie,7/25/2026,Kwinu,2752403283,216.64.138.132,4.51881
Helsingborg,8/11/2020,Yakijo,3134181940,114.139.171.111,4.88564
Omu Aran,4/9/2019,Fivespan,0819962600,88.88.28.54,2.28046
Bagé,10/2/2025,Jaxworks,9283358872,203.218.166.211,2.60885
Stara Kiszewa,8/1/2029,Devbug,5797419459,153.166.53.68,3.21385
Taroudant,3/13/2028,Reallinks,2738758088,213.191.41.199,1.68075
Viljoenskroon,10/7/2026,Izio,8265154631,62.165.126.93,3.28107
Acao,9/15/2021,Cogibox,4111271111,223.217.205.201,0.53597
Anning,10/13/2025,Fatz,5953573596,176.91.242.18,1.60312
Palopo,4/11/2021,Browsedrive,1015525806,228.30.132.252,3.60477
Dolní Cerekev,4/9/2024,Yabox,6129659598,178.11.41.177,5.58396
Vila Verde,8/18/2025,Eazzy,2708794744,127.216.78.168,0.80761
Riung,1/14/2026,Flashdog,1700824244,197.53.153.8,3.32127
Vishnyeva,12/22/2021,Photobean,7227514633,182.10.206.150,4.78675
Sīrīs,1/24/2019,Mita,2446990541,146.111.194.109,4.51957
Mende,8/1/2023,Browsetype,3499016672,73.3.71.221,5.27215
Nara-shi,4/15/2026,Bubblemix,4514219487,131.83.169.134,5.05356
Butha-Buthe,6/25/2023,Linkbridge,0256245967,242.181.233.198,1.00796
Santiago De Compostela,2/5/2022,Mybuzz,7255412564,138.84.220.238,0.26549
Gevgelija,3/23/2024,Reallinks,7404682592,243.49.247.180,5.2518
Paccha,9/7/2024,Ailane,9401820341,205.106.53.178,4.44658
Cañada de Gómez,12/17/2026,Plambee,6781106260,202.180.241.214,4.94996
Fubin,6/25/2029,Kazio,7466380409,11.60.226.95,0.68961
Leidschendam,3/28/2024,Feedfire,6839718328,0.229.3.138,1.80581
Butuan,6/18/2021,Lazz,0863426832,223.194.223.228,5.17837
Aglipay,1/28/2023,Flipopia,0482615893,45.202.153.83,3.44223
Zvezdara,2/3/2019,Fanoodle,6240735604,127.1.118.113,2.80247
Guli,1/21/2028,Roomm,5456061813,55.174.192.219,4.92348
Chitral,12/3/2022,Realpoint,7025767727,133.74.49.229,4.33375
Biao,8/30/2023,Skynoodle,2103464435,172.9.254.244,5.85629
Toulouse,8/22/2027,Realbridge,7828056192,35.177.254.131,4.90919
Yulong,11/10/2023,Youfeed,1988608066,161.124.106.25,0.34893
Karata,6/28/2019,Tekfly,4450901363,94.73.187.45,4.12103
Santa Maria,11/19/2019,Jabbersphere,8462355028,158.65.72.111,1.70275
Seixas,9/1/2022,Gabvine,4927912566,186.57.248.229,4.88993
Xiaocheng,4/3/2021,Agimba,1222608243,204.29.178.210,3.05247
Göteborg,6/18/2026,Thoughtmix,8519373933,64.249.83.149,2.57232
Puerto Rico,2/11/2025,Brainverse,1825168008,197.211.234.24,2.6431
Mitrovicë,9/1/2020,Kwideo,9661040370,64.131.104.105,1.5946
Nam Đàn,12/16/2026,Blogtag,2956385631,131.158.38.248,3.54803
Sangalhos,10/14/2025,Vinte,7198211178,132.67.87.234,1.59367
Iksan,8/3/2023,Quamba,5422597133,133.163.251.53,2.50475
Elektrėnai,10/6/2020,Kazu,9046276848,220.29.14.247,1.63615
Lokosovo,8/29/2027,Gabspot,6807542186,113.28.49.148,1.76054
Libon,11/1/2026,Voonyx,3863342852,236.14.142.99,0.82647
Fangxiang,7/3/2027,Cogilith,3722425972,220.246.242.255,3.17407
Mandráki,3/30/2025,Twitterwire,1325051977,169.138.43.142,4.0285
Flores da Cunha,1/14/2025,Twitterbridge,5268086820,62.193.255.44,5.43698
Vardablur,9/12/2025,Livetube,0744113687,79.119.242.247,4.01087
Solna,5/1/2019,Photobug,5081615129,55.50.157.192,3.98622
Novosel’ye,3/21/2028,Brainbox,7417080782,152.31.108.53,3.99046
Maonon,2/29/2024,Podcat,4760999043,191.245.38.183,3.2716
Kumagunnam,1/27/2020,Katz,8694521113,157.34.6.79,1.77138
Huancheng,11/30/2028,Yozio,0548491925,243.162.112.242,0.26522
Singkup,9/27/2028,Skipstorm,1696581656,35.4.171.50,3.0131
Blimbing,5/7/2025,Jaxnation,4032570582,149.145.131.82,1.98593
Lille,7/18/2025,Kamba,2646112939,12.217.54.162,1.21091
Zungeru,7/27/2020,Cogilith,4242363230,218.62.159.19,0.939
Drohobych,6/29/2026,Innotype,4061538837,176.196.53.96,3.44774
Tchamba,8/21/2028,Roomm,7495346574,68.25.68.135,0.40786
Tippi,4/23/2025,Meejo,0333242734,185.79.227.89,5.08353
Kandangsapi,11/29/2025,Zoomlounge,9620776925,202.89.2.26,5.5298
Santana do Ipanema,12/19/2023,Mymm,7512581432,153.231.125.9,1.20052
Lojigawaran,1/8/2028,Vimbo,7121879964,227.199.129.36,2.60175
Tanda,7/7/2020,Skyndu,5010895595,239.76.159.81,5.72787
Karamat,5/9/2020,Oyoloo,6403444123,243.231.6.207,1.34649
Huangqiao,9/20/2021,Tagopia,0967436656,227.32.133.29,3.56444
Xiazhai,1/21/2025,Tagfeed,1031673059,176.47.219.224,3.23223
Cimo de Vila,12/7/2019,Snaptags,9517335458,122.80.232.98,5.63326
Gakovo,8/4/2023,Digitube,8266483329,213.211.20.128,3.26968
El Bauga,1/14/2028,Brightbean,1684915929,46.164.91.57,0.11514
Valky,4/14/2028,Yakidoo,2286762538,232.86.80.245,5.65662
Olszówka,5/17/2021,Rhynyx,1492824755,109.125.67.153,3.93742
Forécariah,7/7/2027,Ooba,3067887565,135.128.99.168,3.3953
Zagnitkiv,6/9/2029,Yamia,2855124786,180.5.221.107,0.90842
Týrnavos,5/30/2024,Wikibox,5854169762,16.124.96.96,3.71044
Xinglong,10/27/2026,Mynte,7407928029,6.142.180.204,2.08853
Pejibaye,12/13/2021,Flashset,1238623778,142.144.163.121,4.73372
Baiyanghe,12/6/2022,Yodo,0264899237,149.86.148.101,0.95424
Arapuey,8/19/2028,Miboo,0017099625,28.208.196.42,0.43504
Lesozavodsk,9/11/2022,Topicshots,7323953170,161.46.156.77,5.27244
Mengxi,10/17/2022,Gabtype,6601360236,159.233.248.104,3.42885
San Rafael,12/24/2024,Avamba,9961233093,230.188.56.21,1.69244
Lila,4/29/2028,Jamia,9567791643,9.55.210.20,2.28385
Sidorejo,11/18/2023,Photobean,3926914742,143.234.59.29,1.74629
Cotmon,2/20/2023,Layo,2995497925,157.27.220.190,4.03866
Vale das Mós,2/15/2024,Meezzy,7705720302,131.183.81.230,1.19595
Guarabira,1/4/2029,Dabjam,8230854548,170.58.1.220,0.25137
Zhuangke,6/1/2026,Skimia,3367836036,9.80.185.131,3.72357
Bosaso,5/5/2027,Tekfly,0277277108,139.157.59.80,1.09292
Londrina,10/15/2025,Agimba,0574370005,88.225.167.206,0.45653
Plottier,7/9/2028,Dabjam,5625969779,68.136.126.198,0.01458
New Bedford,6/21/2026,Rhycero,3189611947,144.121.204.10,5.80793
Krasnokamensk,11/5/2024,Feedspan,4797701234,34.149.58.215,1.17089
São Manços,2/22/2023,Kare,5424337953,168.58.103.71,2.76682
Mullovka,3/13/2022,Zoomzone,9860107335,111.156.200.119,1.51601
Chenfangji,10/21/2019,Dabshots,9908885103,60.58.253.100,2.7433
Soure,4/30/2022,Voolith,5928136285,253.206.48.110,2.41329
Besisahar,8/5/2024,Meejo,6079520826,175.2.32.94,1.59248
La Virginia,5/24/2026,Wikizz,2871572534,133.207.131.38,1.21082
Pau,7/21/2029,Topicware,4560562067,15.68.140.149,5.51262
Alaghsas,3/26/2024,Thoughtstorm,7386369700,204.78.83.153,2.80341
Tapas,7/22/2020,Realbridge,9199828820,25.1.31.88,4.80257
Banyliv,1/8/2021,Twitterlist,7832668733,255.54.237.174,5.22259
Khārān,6/3/2026,Aivee,7635716859,33.97.154.60,0.01853
Ruse,2/6/2021,Linktype,3297376198,198.246.175.24,1.36302
Juren,6/29/2029,Devshare,2220574814,195.198.190.29,4.8787
Dimitrovgrad,1/18/2019,Gabcube,4438899400,100.215.129.208,0.21707
Dolores,6/24/2023,Skiptube,6917074993,173.157.215.251,4.49427
Dongshangen,10/25/2021,Voonyx,5364770710,207.37.188.20,0.09598
Polešovice,4/1/2021,Topicstorm,8926772705,13.14.186.105,5.79229
Simpang,6/25/2019,Dynabox,3947441215,14.81.41.221,3.79285
Rabaul,1/22/2022,Zoomcast,3500030718,33.218.39.137,2.28746
Banjar Lalangpasek,10/31/2019,Meevee,1197987959,9.203.242.126,4.33224
Sabana Grande,3/19/2029,Kanoodle,9071972100,82.220.68.96,1.44247
Krajan Timur Suger Kidul,2/23/2027,Linktype,5613187843,109.7.111.71,2.03387
Berlín,3/19/2022,Dablist,8882041360,115.7.44.207,3.84246
San Fernando Apure,10/12/2024,Youbridge,7195942333,239.126.192.221,4.40233
Ābyek,1/1/2023,Lazz,6682288239,152.22.24.137,2.15412
Rive-de-Gier,11/1/2023,Flipopia,1639366970,245.200.73.45,5.47616
Dzuunmod,1/28/2024,Tanoodle,7678781563,222.28.163.119,4.811
Brody,3/24/2027,Zoombeat,4230624840,126.110.148.217,2.58661
Bangkalan,7/10/2026,Miboo,7406572409,56.152.28.186,2.77334
Bétérou,12/27/2025,Flashpoint,5871108911,90.102.92.254,1.37256
Baborów,9/30/2021,Oyoloo,8058283975,160.211.70.26,1.5146
Katsuura,11/1/2019,Twitterworks,5518577605,177.64.253.185,0.92145
Armentières,10/8/2022,Trudoo,9572241990,225.113.9.51,2.9269
Matão,9/25/2021,Plambee,0066579805,6.157.50.176,4.29681
Aquiraz,7/28/2024,Avavee,0147230802,59.15.163.135,2.32972
Qixing,12/9/2029,Topdrive,8715971732,148.74.162.200,3.59327
Yongxing,8/15/2023,Rhynyx,2160498556,88.236.28.185,3.20145
Pulautemiang,12/29/2021,Centimia,2381563040,182.105.216.248,2.24634
Gatesville,8/13/2024,Zoovu,4751468782,219.73.226.73,3.9681
Torslanda,10/27/2029,Twinte,0981087744,61.235.5.92,1.1564
Hongcao,4/16/2020,Demimbu,6283832121,85.181.252.63,1.9534
Mortka,2/21/2020,Kazio,3572791286,167.242.228.236,1.52987
Alma,3/20/2026,Jamia,6018581248,16.78.169.179,4.81333
Fort Worth,8/22/2023,Wordware,4900844225,135.32.5.20,4.63094
Sukoanyar,3/14/2021,Demimbu,1713579820,219.68.192.35,3.35804
Datong,1/28/2020,Plajo,2007831252,185.12.194.91,2.47047
San Diego,8/14/2026,Voolia,7447388742,74.138.166.226,0.61052
Ibirama,8/24/2024,Gabspot,4595824327,99.0.82.185,4.26754
Fantino,6/11/2025,Roombo,0016351185,244.77.189.113,4.56953
Sairam,8/20/2021,Realfire,5011650227,51.118.159.62,3.17155
Ban Selaphum,12/6/2020,Flashpoint,3900271399,202.230.246.8,5.0106
Saparua,7/1/2022,Reallinks,6993341786,200.222.234.224,1.62921
Jimusa’er,10/5/2020,Babbleset,7891299501,40.223.131.24,3.80648
Yaogou,5/30/2029,Kwilith,9044123009,147.161.94.11,4.06329
Villeneuve-d'Ascq,5/28/2025,Zoomcast,6987519722,132.140.130.251,5.50278
Minle,12/23/2028,Eare,3543343793,203.128.219.120,2.44112
Matsumoto,9/14/2026,Mita,8050340678,31.30.176.7,3.83462
Skrzydlna,7/23/2020,Flipstorm,8223461145,207.2.111.152,3.10408
Maimará,8/23/2020,Feedspan,8350373644,30.120.221.105,1.68741
Brignoles,2/17/2026,Layo,4814402821,118.29.75.70,4.3766
Kasturi,7/1/2022,Mita,6299188103,43.95.202.36,5.639
Marolambo,4/21/2026,Flashdog,6307359838,38.171.174.201,1.18726
Sarajevo,11/14/2025,Topiczoom,3789935255,178.226.105.131,1.102
Beausejour,11/9/2024,Oloo,2858004013,236.216.182.18,4.9428
Freiburg im Breisgau,10/14/2025,Twimm,2551725755,68.37.192.203,3.12227
Timon,7/18/2023,InnoZ,5896207409,87.42.141.100,0.28795
Cergy-Pontoise,1/10/2025,Wikido,9211413745,230.103.189.171,2.86091
Alunda,8/26/2019,Centimia,4413535324,12.253.10.37,3.9383
Santa Rita Aplaya,1/8/2026,Yodel,4213627780,2.67.17.190,4.14785
Néa Pélla,2/20/2021,Flipopia,2533286818,173.195.113.183,5.63382
San Diego,12/9/2023,Layo,0477311687,152.133.130.119,2.83744
Leninskoye,4/6/2027,Skalith,4317065290,193.210.172.7,5.15273
Glan,12/17/2020,Thoughtstorm,2792302062,100.57.102.212,4.11801
Pimbalayan,8/18/2028,Jayo,9398144433,187.149.175.45,0.1018
Brańsk,11/16/2028,Realpoint,7214884674,17.148.88.210,1.55389
Boco,1/28/2022,Katz,2593968079,15.66.84.112,4.60796
Bajingzi,11/16/2027,Youtags,8194910021,141.108.85.228,1.05549
Klakeh,8/8/2022,Shuffledrive,1127282220,226.37.49.110,4.70909
Lužani,11/18/2024,Brainsphere,9227861467,154.65.4.1,0.82457
Suso,4/12/2029,Rhynoodle,5071912260,71.176.106.110,1.98803
Moog,5/18/2019,Bluejam,9698200517,146.220.232.139,1.71057
Shilong,11/23/2026,Zoomcast,3016413140,230.122.252.8,0.89048
Yangchengzhuang,7/4/2025,Brainverse,2782020420,50.175.94.228,3.39063
Voloshka,11/16/2028,Mynte,6830963109,64.225.201.76,1.51146
Lampa,5/1/2019,Meejo,6506125810,155.130.57.152,1.28174
Korostyshiv,5/22/2019,Devify,1367451434,145.83.120.128,2.28778
Burbank,1/8/2028,Realfire,4392020312,236.27.214.100,3.75659
Haveliān,4/26/2025,Avavee,7732505514,212.26.199.124,1.79908
Pu’an,4/23/2020,Skinix,4105079859,252.0.153.0,4.56753
Sernancelhe,7/2/2019,Topiczoom,7026560158,77.201.41.143,2.71152
Loma Bonita,8/28/2020,Trudoo,7713082522,61.166.243.247,4.21911
Bāglung,7/21/2019,Jabbersphere,8683127087,171.33.41.168,0.50367
Murom,6/27/2025,Skyble,5227147825,194.137.14.229,1.6304
Aulnay-sous-Bois,3/20/2028,Youspan,6508400185,4.111.192.53,4.83724
Vilya,4/21/2020,Voonix,9745524115,104.94.77.148,4.90432
Toulon,3/14/2019,Zava,7296085886,101.58.36.159,2.98417
Kokoshkino,8/28/2021,Buzzshare,1228620466,19.163.205.123,5.86017
Itapuí,2/19/2021,Voolith,3713262659,133.234.123.138,5.61802
Budapest,4/27/2026,Midel,2736292669,48.101.90.51,2.86169
Sishilichengzi,5/19/2024,Edgetag,7664462363,201.220.113.233,5.79583
Panalo-on,7/29/2020,Mycat,5369977666,4.196.120.144,5.73272
Dibba Al-Hisn,11/2/2022,Brainverse,6843046134,245.37.129.20,5.35595
Pančevo,3/19/2024,Voonder,4091813399,196.21.185.131,2.2842
New Cebu,4/22/2020,Roomm,0569887070,175.250.50.164,5.33673
Hanna,4/3/2021,Jaxworks,9193163665,11.47.35.175,3.9827
Sankeyushu,11/29/2029,Avaveo,7286864416,143.155.6.20,2.58693
Jianggang,6/23/2026,Jamia,5386362585,141.194.211.0,2.55402
Dýšina,5/6/2020,Tagchat,6779531081,29.114.251.159,0.67704
Tha Maka,7/24/2024,Eabox,8223522063,107.3.218.23,5.14433
Obrera,1/24/2023,Rhynoodle,7624357224,202.139.181.222,5.60484
Vendas de Galizes,3/13/2019,Thoughtbeat,5205014539,101.49.147.182,2.30976
Mabini,5/13/2027,DabZ,2532134569,178.208.240.196,0.0928
Santo Tomas,2/21/2019,Twimm,9250589093,103.130.141.175,5.32767
Chengbei,12/14/2027,Gabspot,8995499591,96.31.163.132,5.41197
Caohe,12/24/2027,Camimbo,2967981397,208.152.63.146,0.71917
Pepayan,3/25/2029,Oba,0274135914,202.219.92.20,5.94995
Chengjiang,6/11/2023,Twimbo,8090116248,224.12.97.57,4.35426
Barili,7/28/2025,Blogpad,0103857338,110.203.105.191,3.13665
Najin,12/1/2023,Wordtune,1934446696,168.68.188.130,1.4122
Amuñgan,10/20/2021,Riffpedia,3161927915,83.195.145.159,2.80518
Miami,5/17/2023,Yodel,5340755231,235.191.180.242,2.77079
São João da Boa Vista,7/6/2025,Bubblemix,5900323560,35.178.238.65,1.91958
Boden,3/7/2026,Skinder,0320288579,169.97.164.192,0.42284
Demuk,8/24/2028,Jatri,9872766045,40.116.207.81,3.65363
Los Córdobas,9/11/2028,Pixoboo,2706855711,33.221.105.81,3.27792
Punggurharjo,10/13/2019,Izio,3180625511,144.225.90.235,2.34451
Лабуништа,10/6/2023,Youopia,0345435826,62.213.29.86,4.89428
Mogi das Cruzes,11/1/2022,Realbridge,6995909798,4.184.11.76,1.24885
Calumpang,6/6/2027,Camimbo,1386092207,37.236.158.16,0.53695
Yubileynyy,4/11/2021,Dabfeed,9364621530,197.1.253.144,2.95999
Columbia,1/13/2026,Bubblebox,6858371702,22.205.24.85,0.23599
Bordeaux,9/11/2020,Vinder,2636212094,175.61.149.217,1.49014
Kabul,9/20/2023,Omba,7332883201,18.54.79.225,0.75244
Las Matas de Santa Cruz,3/8/2025,Roodel,6218586650,24.170.111.123,1.01015
Heyan,8/30/2021,Tagpad,6871327622,14.154.54.152,5.37161
Biaokou,7/3/2024,Gigashots,5280161268,115.3.225.169,4.61552
Wenjī,5/18/2024,Oba,1176107917,49.171.154.233,2.72237
Mainit,1/15/2027,Mydo,5579405197,97.73.148.127,5.53736
Tianjiazhuang,6/20/2024,Podcat,0475179005,215.245.174.98,2.9337
Lamadelaine,6/22/2022,Zoombox,6884116951,114.50.158.29,2.51757
Praia de Mira,11/30/2022,Skiba,6796294300,33.51.157.48,4.20297
Sulmierzyce,1/18/2027,Skyvu,3673092790,101.135.151.80,1.45992
Timezgana,8/14/2025,Zoomdog,9179674593,229.59.231.87,3.18375
Hufeng,8/12/2026,Kamba,1845518624,45.12.222.42,4.63865
Dvinskoy,8/9/2026,Shuffletag,6085441991,220.22.211.202,0.30033
Ewarton,4/9/2025,Miboo,8363782114,220.97.210.168,1.76353
Gantang,8/25/2025,Jayo,2589594569,123.54.180.168,2.26605
Gominhães,2/1/2029,Dynabox,5987821541,221.81.238.136,1.42366
Abuko,2/7/2021,Midel,7685773252,137.74.206.234,3.95692
Bendorubuh,5/17/2023,Centizu,6108023260,218.213.137.47,2.87406
Kastsyukovichy,8/12/2021,Brainbox,5157642679,94.204.232.146,4.0266
Dunhou,3/21/2023,Vidoo,3302924550,62.190.150.143,3.89318
Maniwaki,12/4/2019,Wikibox,5413178069,161.103.149.75,1.01938
Gävle,8/12/2025,Babbleopia,4059087033,234.223.174.226,3.9539
Tønsberg,10/15/2019,Topicware,5320948808,151.27.141.110,1.64973
Yantan,4/3/2019,Ainyx,6911214378,187.250.69.96,0.17524
Marseille,12/9/2019,Oloo,3269271085,230.41.20.43,5.08983
Tewulike,6/12/2019,Livetube,6284227906,138.44.66.214,0.23825
Ŭiju,5/9/2025,Topiczoom,3875441966,105.239.17.182,2.50214
Huangdi,1/19/2028,Kayveo,3760437869,98.167.224.69,3.74166
Muan,2/10/2025,Aimbo,9358585234,61.38.234.73,2.83336
Lumil,6/11/2026,Twitterwire,7534260396,82.1.97.76,3.96022
Warmare,8/17/2023,Yacero,0849547830,212.58.122.235,0.99225
Landi Kotal,12/5/2025,Thoughtworks,9256698145,233.26.246.65,5.83822
Yanqi,3/26/2025,Skiptube,9789398255,193.89.217.193,4.41724
Manhete,5/4/2021,Gabvine,9322610174,8.77.155.231,2.24544
Arboga,12/11/2028,Realbuzz,7061030801,238.56.195.79,0.12672
Berlin,3/11/2020,Fliptune,7485631632,242.176.76.141,5.27799
Nantes,12/13/2023,Aimbu,1995188379,228.39.75.102,4.77202
Shubenka,1/25/2027,Brainbox,0593032462,174.10.52.38,2.62705
Votkinsk,8/8/2023,Youbridge,8309961952,41.248.102.251,4.52507
Baucau,5/4/2025,Babbleopia,4540834886,177.176.228.119,0.14334
Elmira,2/17/2021,Oyonder,9371196335,2.10.0.27,4.74158
Meghrashen,12/25/2021,Youspan,9732599294,82.58.180.251,2.1189
‘Amrān,3/27/2023,Snaptags,4606680768,34.168.183.152,0.0809
Xuanzhou,8/3/2026,Feedfish,7532887774,70.74.139.183,3.49803
Cinangka,1/8/2025,Gigazoom,1996668366,6.104.146.186,1.99517
Kandi,3/16/2027,Quatz,4996075473,238.239.207.162,5.06029
Aihua,6/29/2023,Avamba,1741533325,73.206.164.39,4.03102
Gaogu,6/3/2023,Realpoint,3619319367,80.33.188.9,5.33857
Anse Boileau,1/10/2019,Buzzdog,8821471918,167.125.220.158,0.96504
Kertasari,1/24/2020,Dynava,8525817686,63.43.104.47,1.95034
Combita,2/26/2025,Topicshots,5353528166,180.56.151.70,0.65305
Yungaisi,7/11/2022,Demimbu,6251113480,51.65.151.158,4.85471
Kufayrit,8/11/2026,Wikizz,9736697797,142.184.8.31,5.14191
Kuangyuan,10/24/2025,Voolia,4303462365,94.84.175.127,4.28948
Hushi,11/14/2021,Brainverse,6618708079,213.218.30.5,1.77328
Vilémov,3/31/2020,Voonder,6569249126,237.175.42.23,3.10696
Shengping,9/20/2021,Eimbee,0003296342,22.178.201.29,5.16476
Agía Varvára,11/22/2027,Latz,0135028388,44.244.32.30,4.70352
Cova Figueira,8/29/2024,Browsebug,0939237873,29.228.25.201,1.43571
Kute,6/13/2027,Livefish,7207298269,9.107.154.163,3.43584
Maia,6/6/2028,Skilith,1693560232,235.67.151.159,5.80406
Severomorsk,4/13/2024,Yodo,0754294382,193.241.43.34,1.10029
Bzou,11/21/2028,Skippad,1036970590,139.229.201.86,1.01548
Pregonero,6/21/2028,Quinu,0419883851,161.31.233.106,1.51903
Banjar Kelodan,10/11/2019,BlogXS,3310578747,70.83.112.54,1.99709
Banjar Pedawa,1/1/2028,Yakidoo,3476198391,60.134.86.94,1.8173
Jiufang,4/2/2021,Meevee,1571820655,59.8.89.236,2.37774
Labuan,6/29/2025,Twimm,5604553867,225.48.201.142,1.87162
Xuanma,6/14/2026,Dazzlesphere,3796509819,116.105.99.61,2.81689
Sioux City,2/8/2023,Wikibox,9695456618,203.89.38.11,3.85745
Xishanzui,3/16/2024,Yombu,5691951114,158.233.210.95,3.76977
Daliciasao,1/3/2025,Innotype,4910110402,8.190.163.144,5.53604
Darenzhuang,1/5/2023,Linkbridge,2530480958,88.134.12.86,4.7526
Shancheng,12/4/2026,Eayo,7012030917,97.30.113.180,4.46399
Zhujiang,8/26/2020,Linkbridge,2718077182,237.37.131.132,1.18823
Canjulao,11/12/2029,Fiveclub,9839236490,100.126.46.26,3.41898
Yunxi,6/16/2028,Lazzy,9409213991,197.238.45.167,5.92466
Täby,7/7/2022,Cogibox,5906891404,64.10.215.156,2.36223
Catolé do Rocha,6/3/2021,Flashdog,5045532677,105.254.119.23,4.68606
La Esmeralda,2/9/2026,Twitternation,1401684289,183.93.94.17,3.12814
Luau,3/6/2022,Photobug,3633026649,139.5.94.41,0.0114
Salvacion,1/31/2028,Kare,5802555769,9.234.4.216,5.15947
Dongkan,7/14/2026,Zazio,8529314522,51.57.212.221,4.8379
Honiara,3/8/2023,Leenti,1173685944,53.161.151.231,5.27715
Xinxu,1/8/2026,Gabtype,2283928028,213.24.59.218,3.28807
Junqueiro,2/21/2023,Skipstorm,7246949003,115.59.186.131,3.59312
Temayang,11/19/2022,Jaxnation,7700308500,206.67.245.64,2.50062
Libas,6/17/2028,Meejo,0789643421,43.182.71.242,5.57797
Kedunglo,8/26/2020,Jetpulse,1862987335,248.30.24.228,3.95658
Bairan,8/3/2029,Feedfire,4507142040,100.107.175.90,1.39747
San Antonio de los Baños,12/28/2023,InnoZ,7575545727,152.144.48.10,5.67663
Wenping,6/2/2027,Eire,2578928843,180.9.242.48,0.8754
Bojen Kulon,11/4/2029,Youfeed,9955873825,221.236.208.34,2.12205
Richmond,4/10/2019,Rhybox,2898438103,9.95.191.78,4.0215
Huntsville,2/28/2028,Aivee,3784579167,57.3.212.202,0.00555
Yoshida-kasugachō,9/25/2028,Yakijo,9134122281,18.148.190.88,4.80313
Loboniki,10/17/2022,Podcat,9146624856,147.205.3.60,0.37303
Baltiysk,7/17/2026,Rhynoodle,4617640789,230.54.241.10,0.56263
Pierzchnica,3/24/2019,Kwideo,8275900859,105.243.214.125,3.23902
Fort-de-France,1/31/2028,Twiyo,9870365736,10.189.15.23,5.65868
Clermont-Ferrand,3/12/2024,Zoomcast,4474881672,54.74.120.255,0.13632
Mahekou,4/4/2025,Jabbersphere,9762323114,192.77.11.169,2.86095
Kolyubakino,11/16/2027,Kwimbee,1931047901,0.58.246.175,3.12335
Ciénaga,7/27/2025,Dabjam,1677597720,54.169.157.218,2.40925
Duczki,1/8/2022,Midel,7015349965,111.81.175.139,5.73371
Jiagao,6/25/2029,Brightbean,5384656824,183.177.121.223,1.24498
Āsasa,1/16/2022,Skipstorm,5181356052,201.5.128.225,3.30637
Kladno,10/14/2019,Kwimbee,6740772096,242.93.111.0,1.72275
Kedungkrajan,2/4/2027,Innotype,0887115179,209.113.108.102,0.88916
Bergen,6/17/2023,Livetube,1870916255,123.54.255.75,2.39835
Blagoveshchensk,5/8/2025,Layo,3825431908,155.253.199.73,3.17685
Mörön,4/15/2023,Roomm,7211365315,242.159.213.36,3.02835
Sitajara,8/22/2020,Gabtype,4534566549,180.208.43.64,1.94814
Shahr-e Şafā,5/11/2026,Innojam,8758770941,129.117.50.36,4.01742
Flora,4/26/2021,Abatz,3496819731,212.97.11.69,4.03549
Wedangtemu,3/28/2021,Mycat,9940453337,93.233.232.155,1.711
Shuangmiao,1/15/2019,Rhyloo,1154557081,253.194.98.53,1.68898
São João dos Inhamuns,4/9/2022,Twitterbridge,4668511595,170.102.38.50,2.11672
Shangrao,10/20/2026,Buzzster,1381159486,125.153.13.17,3.71247
Dayapan,5/17/2020,Aibox,5184755179,85.238.235.254,0.9399
Maniwaki,4/9/2024,Edgewire,8897822177,95.130.217.156,5.37807
Niños Heroes,7/14/2027,Centidel,7227021955,76.71.245.1,5.38582
Anjirmuara,12/1/2023,Cogilith,5304818180,81.51.101.67,2.43151
Richky,3/20/2026,Kaymbo,6870694591,6.239.104.72,4.46399
Pedrogão,5/3/2028,Skyvu,6973661904,137.59.85.90,5.98142
Villa Hayes,6/6/2022,Jabbercube,1089705972,101.220.180.37,1.64083
Criação Velha,6/23/2027,Linkbridge,0278469558,6.245.19.140,4.30403
Luján,3/25/2025,Meemm,6690050661,74.242.1.217,0.30955
Yongshan,9/21/2025,InnoZ,4332726510,175.88.209.18,2.41703
Yanjiang,5/7/2028,Edgeify,3785251890,62.156.96.10,1.50754
Hwange,7/5/2027,Thoughtbeat,8724294098,202.178.247.38,3.53371
Tuatuka,6/20/2024,Edgeblab,6890930738,139.194.242.29,5.99195
Luntai,5/14/2020,Voomm,0753039087,254.107.123.10,2.71328
Longping,10/20/2021,Buzzbean,4020376034,142.216.204.247,0.46683
Daciyao,1/20/2021,Quimba,9286418248,90.199.6.242,4.52282
Jiangna,9/22/2024,Livetube,2354170181,119.5.85.121,2.16975
Detroit,3/18/2029,Zava,0550854770,217.246.125.219,5.6304
Dallas,3/19/2022,Babbleopia,1647489725,239.196.21.214,0.05886
Rondonópolis,1/30/2019,Mydo,8004969526,236.250.217.202,4.44697
Palaiochóri,1/26/2021,Jetwire,9094120143,74.219.126.244,4.40723
Rio Claro,2/17/2021,Skajo,9144992556,75.178.73.189,4.37477
San José,9/9/2029,Geba,8079949921,54.34.124.37,5.50692
Shibirghān,1/29/2027,Vipe,4474539168,192.37.42.236,1.34766
Compostela,7/17/2019,Thoughtbeat,0414596625,145.4.108.32,1.84672
Budënnovsk,5/12/2020,Kwimbee,2796191222,13.48.170.71,2.0448
Waco,8/19/2028,Pixoboo,0339262583,159.237.66.113,0.86835
Kohila,5/16/2027,Meevee,8896832306,220.75.221.37,2.34774
Kurbnesh,1/5/2026,Yotz,1687445834,176.79.189.13,1.97584
Patos Fshat,11/24/2027,Livetube,2000185169,9.234.212.29,2.89651
Darungan,5/3/2023,Kazu,7870022985,176.13.249.135,1.26069
Pingdingbu,5/24/2022,Flashset,3543633643,5.41.187.14,3.97663
Pai do Vento,8/1/2023,Zoonder,9827833820,206.53.195.47,2.51109
Santa Cristina Couto,2/8/2027,Demizz,4165943592,223.120.63.47,5.57154
Rat Burana,7/4/2019,Chatterpoint,2426016639,48.16.226.124,4.07798
Evansville,7/19/2022,Flashdog,1885660170,187.65.33.27,0.99397
Радовиш,12/11/2019,Midel,1879917971,90.158.95.249,2.82765
Zahvizdya,3/27/2024,Quamba,0374838720,69.54.52.199,2.48042
Tanjay,3/14/2027,Blogtag,4987818507,110.98.103.177,5.35092
Dayuan,5/12/2020,Twiyo,2815855658,128.65.99.76,3.67382
Ploso,1/9/2028,Myworks,6181066942,88.79.1.37,2.58656
Sebina,2/3/2026,Skiba,6793889605,131.60.234.59,1.90446
Casais de Revelhos,10/27/2029,Tagcat,4214830628,151.213.221.54,0.56683
Stari Bar,12/22/2028,Muxo,6921410161,236.182.67.59,5.70781
San Lucas Sacatepéquez,10/30/2027,Trilia,7248201278,18.41.228.220,3.20605
Hässleholm,4/28/2025,Zoomzone,1129517756,140.229.13.182,2.19569
Elvas,9/11/2026,Babbleset,4270017589,112.111.204.7,1.20371
Bafang,2/5/2026,Wikizz,7714731060,78.108.150.229,3.45242
Alcanhões,8/25/2024,Skajo,8333828205,246.45.102.225,5.91116
Sipirok,6/30/2027,Eire,2532180439,133.237.50.98,1.85737
Gandapura,6/20/2021,Gabspot,5392284493,31.46.160.174,3.08611
Santa María de Jesús,7/31/2022,Youspan,3526066825,178.110.161.132,1.776
Zhongzhai,2/13/2027,Tagtune,8384255423,57.224.126.59,4.98314
Ying’ebu,4/15/2023,Skiptube,2146074833,137.227.32.13,1.53961
Lešná,3/24/2026,Mydeo,9245745392,207.61.126.31,5.93155
Sakai,6/30/2028,Zoombeat,8234983946,136.102.77.255,0.64722
Kelīshād va Sūdarjān,1/24/2019,Topicware,1904889182,45.28.38.144,0.28152
Izazi,6/18/2025,Voonyx,9780079513,217.58.233.253,2.27575
Shaogongzhuang,2/23/2025,Twitternation,1646402812,33.31.214.122,2.92545
Kakamega,8/20/2019,Divape,9107992513,38.250.35.131,4.94903
Santo Domingo,3/23/2028,Realblab,8397492658,197.231.249.57,1.06342
Sandur,8/12/2023,Wordpedia,0421275766,109.234.158.25,5.81452
Sophia Antipolis,7/2/2024,Livetube,4677864691,164.120.156.224,3.51303
Zapala,12/25/2020,Trudeo,7013792454,180.65.86.118,1.02167
Agkathiá,8/8/2028,Skinte,2538230187,131.240.81.240,4.55142
Deán Funes,10/24/2029,Centimia,9905164944,157.163.60.230,3.24286
El Progreso,9/8/2022,Dynabox,8427832893,66.148.240.19,3.26505
Staré Město,10/4/2027,Brightbean,9676537128,26.117.83.145,5.23623
Chengkan,1/22/2027,Gabcube,2569277193,57.29.38.185,1.31087
Sélestat,3/9/2020,Jabberstorm,8110650716,203.94.13.120,5.36622
Tanay,2/10/2019,JumpXS,0049839594,60.208.28.168,0.19651
Xiaoshi,12/1/2025,Yakijo,8886596952,232.222.187.95,3.53609
Kuala Lumpur,10/15/2027,Devcast,2901509258,183.120.180.24,0.54348
Qidu,10/12/2021,Vidoo,2329738331,94.99.25.222,5.72975
Yandang,1/31/2029,Jaxworks,9097026458,161.58.252.11,0.04281
Irtyshskiy,6/25/2023,Yabox,0235727814,202.246.77.219,0.06203
Kokar,6/20/2023,Oyope,4289876609,224.44.222.46,2.77235
Cruzeiro,6/12/2020,Photobean,9247988071,247.144.31.117,0.0023
Xinmen,7/23/2025,Riffpath,7116226346,33.25.142.87,5.31919
Podgorica,4/19/2020,Feedmix,9469258924,85.162.204.208,0.38204
Novi Zagreb,12/6/2020,Yodel,9426502920,223.204.227.166,4.62014
Lonya Chico,1/11/2024,Ntags,2531525416,79.244.172.255,5.75972
San Luis,6/18/2020,Divanoodle,2267205203,100.5.81.128,1.25667
Liangnong,9/19/2026,Lazzy,8607175912,207.228.226.218,5.27864
Kamionka Strumitowa,12/30/2019,Jetwire,2865551040,155.55.195.108,0.6187
Bang Rakam,1/12/2026,Gevee,2574280547,236.38.80.25,4.66096
Tønsberg,3/29/2025,Brightbean,6966517313,28.156.172.89,2.58591
Suwatu,1/25/2019,Kwimbee,3215181126,27.222.92.243,3.64536
Lincoln,8/15/2025,Mita,8989028655,17.172.55.43,2.80837
Al Jarādīyah,7/15/2028,Yabox,7086701831,90.135.203.10,0.40746
Barkā’,2/4/2019,Muxo,5067603739,172.233.24.238,2.64374
Pasirtujuhpuluh,10/26/2025,Ozu,2096842042,246.60.58.20,2.69993
Wasquehal,6/19/2022,Brainbox,3865218482,73.72.70.78,1.61494
Cergy-Pontoise,8/1/2023,Cogidoo,9807708052,86.212.159.168,5.7458
Toluviejo,7/26/2025,Topiczoom,2543757635,117.100.51.65,0.28319
Dehī,3/14/2021,Oyoloo,1687498970,197.123.34.43,5.88069
Yizhang Chengguanzhen,10/22/2022,Nlounge,5166996526,50.242.67.236,4.39066
Beiqijia,8/23/2024,Dynava,0097112232,231.164.62.204,1.25033
Barra de São Francisco,1/14/2029,Thoughtblab,2135168750,6.132.135.237,5.6619
Borino,12/2/2026,Voonyx,3161799135,49.226.31.68,0.58489
Itapevi,5/27/2022,Youspan,9486014884,19.24.167.185,5.56085
Písečná,12/2/2023,Rhycero,0944337155,56.175.93.223,0.18787
Linköping,8/16/2022,Zooxo,6251581573,192.138.165.95,2.34856
Khŭjand,4/20/2021,Gigabox,6026280375,131.12.213.249,2.86394
Karangtanjung,5/11/2029,Tagchat,1057127124,224.195.168.26,4.91071
Bektemir,10/21/2025,Blogtags,6880106595,59.33.148.131,3.4032
San Fernando del Valle de Catamarca,9/12/2021,Yodoo,5242986670,91.125.4.109,5.21743
Taguisa,3/22/2019,Eimbee,0233790926,113.126.250.238,0.15618
Kanuma,12/27/2020,Aivee,7182551233,118.176.105.55,4.7408
Chenghuang,8/25/2020,Vinte,0342408828,182.104.132.53,3.98435
Cimahi,5/23/2020,Skinte,7143284475,237.237.204.98,3.80166
Agalteca,5/19/2025,Lajo,3775373225,113.229.30.16,4.68638
Lantang,2/9/2020,Twitternation,8469291556,166.9.65.235,4.45476
Panoongan,5/5/2028,Divavu,2595784439,89.83.157.153,1.09878
Cláudio,2/3/2025,Brightbean,1816291986,211.87.85.198,5.85068
Petrivka,5/11/2025,Skidoo,1214022723,221.217.119.7,0.60856
Bochov,1/24/2025,Skajo,3635048836,190.204.38.25,3.80704
San Juan Atitán,10/23/2029,Agivu,4338572868,241.159.32.56,1.65587
Washington,9/2/2028,Photolist,8695757897,171.94.199.177,5.50155
Inglewood,3/13/2022,Jamia,1856412571,201.143.180.32,2.53091
Kalanchak,9/26/2029,Yotz,5149665614,241.81.51.48,2.6396
Nisí,8/28/2029,Layo,2683932871,94.228.107.216,1.68393
Petushki,3/2/2020,Gigabox,7232833121,106.131.33.89,1.43422
Otuzco,7/22/2028,Shufflebeat,0274797542,112.130.127.48,2.0317
Bom Sucesso,1/17/2019,Yodel,3817530994,121.89.53.155,0.686
Boji,9/6/2021,Yombu,2804106837,190.162.113.90,3.4623
Leninsk,12/13/2023,Thoughtstorm,8877647892,205.92.177.36,3.37499
Boden,1/29/2023,Topicshots,2755368381,24.145.218.236,4.07144
Pakxé,11/8/2026,Gigaclub,0782199402,84.140.236.248,5.52602
Maszkienice,1/7/2027,Layo,4561375546,73.153.53.50,4.34566
Kakuda,1/27/2021,Minyx,8740013847,55.144.167.157,2.30965
Shushenskoye,1/10/2020,Jaxnation,4834545059,4.174.38.163,1.48473
Puerto Esperanza,7/16/2021,Skynoodle,2536494209,85.118.133.105,0.36583
Pitangueiras,2/9/2021,Oyoloo,7127467765,3.128.112.80,2.57739
San Francisco,3/16/2020,Nlounge,3627639731,24.255.10.14,2.93435
Zhangcunping,12/21/2021,Quimba,8529404939,93.67.238.29,4.97793
Longchiqiao,4/11/2022,Babbleset,6293590619,245.231.253.63,0.7729
Hualongyan,4/16/2027,Pixope,7584929354,77.91.236.20,4.42144
Bitin,11/28/2024,Dynabox,2062685300,235.18.184.46,0.69105
Mishima,9/1/2027,Babblestorm,1053031475,4.143.128.141,3.94266
Pecatu,9/16/2024,Oyondu,4364671061,129.224.189.219,2.98452
Lushuihe,2/17/2027,Latz,1789227429,160.8.36.169,4.82519
Uusikaupunki,6/8/2022,Mybuzz,2521261955,66.155.45.159,3.38497
Horodyshche,1/10/2023,Photobean,4950916572,215.194.95.245,2.56006
Wanjia,2/3/2020,Riffpedia,8465135622,119.10.47.212,0.33549
Neiafu,8/10/2029,Abatz,6669873964,199.117.103.236,5.80655
Dallas,4/12/2027,Meedoo,4892281492,245.148.142.230,4.54116
Tocok,5/24/2029,LiveZ,8252159524,112.82.201.237,3.59043
Brylivka,9/10/2022,Leenti,6613053775,124.125.79.69,4.98968
Jiangjing,4/24/2019,Oyoyo,1985134160,85.136.151.79,5.54058
Galamares,12/2/2023,Riffpedia,5764698960,112.242.128.235,5.10681
Bakaran Kulon,11/4/2028,Gabcube,9648173311,4.211.232.38,1.81788
Raszowa,1/2/2029,Edgepulse,8970644385,174.55.196.88,4.08034
Wenlin,8/12/2022,Oyoloo,7784015240,251.155.226.253,3.7257
El Paso,4/22/2022,Minyx,6253366661,15.217.47.132,0.20261
Cambuí,10/2/2029,Roodel,5236030862,21.80.173.7,2.09501
Hengli,7/6/2029,Brainlounge,7217524288,155.213.251.49,5.18844
Krasnyy Oktyabr’,4/24/2020,Fatz,7975403431,47.34.221.255,0.81925
Sakaraha,10/21/2021,Edgeblab,4900487236,87.109.43.151,3.24403
Cibitung,10/3/2020,Rhyzio,0349613540,143.251.155.18,5.18245
Haolibao,2/1/2020,Latz,3037223529,247.43.144.196,4.55441
Sandachō,5/16/2019,Trunyx,5315265242,151.125.106.15,2.93511
Li’an,10/22/2029,Voolia,6716075666,18.89.86.76,4.76793
Shōbara,5/28/2022,Zoozzy,7269252475,150.47.26.206,5.20172
Karema,9/17/2028,Midel,3783851351,7.32.40.251,5.80179
Gaspra,8/18/2019,Yambee,5428368055,59.83.63.24,4.88133
Arbeláez,3/9/2022,Tekfly,6074618089,165.151.88.41,1.1356
Pengdian,7/15/2029,Skivee,2002592705,162.149.171.115,2.37631
Banjar Batuaji Kaja,1/17/2021,Innotype,8116409689,34.40.241.193,3.51954
Astypálaia,5/8/2022,Gabtune,0410174041,119.235.207.11,1.29887
Wola Uhruska,9/20/2022,Fiveclub,4534941226,228.234.253.186,4.48701
Santo Domingo,10/2/2025,Zoomdog,1135674086,47.15.182.11,2.01205
Đưc Trọng,1/7/2023,Demizz,6194600330,50.152.192.90,0.55323
Yangxiang,7/31/2022,Lazzy,4268777261,8.116.54.122,3.09102
Caracal,6/13/2020,Topiczoom,6379953256,21.123.183.2,5.61646
Nuevo Chamelecón,9/1/2027,Babbleopia,6939003126,208.192.104.63,4.64415
Atamanovka,5/5/2029,Skibox,5059388859,162.201.196.242,4.03422
Kaya,7/26/2028,Twimm,8407881449,43.164.147.87,0.77686
Krapina,5/1/2023,Skivee,4175892435,134.118.161.2,4.44495
Boden,6/10/2029,Miboo,2118166575,237.152.30.110,4.63692
Toshbuloq,1/7/2024,Topdrive,3945313449,107.58.165.204,0.25806
Krajanjugosari,1/30/2027,Twimbo,1495182258,68.133.109.157,5.4664
Bulianhe,12/14/2026,Jaxbean,0247718785,179.17.179.27,2.38409
Juan Santiago,7/24/2025,Ainyx,1799788148,35.56.145.57,2.3849
Lingxi,4/28/2020,Eamia,0243954018,55.49.4.93,2.55213
Kabukarudi,11/29/2024,Mudo,1481345486,108.30.36.145,3.36296
Sitrah,7/24/2019,Blogtag,0390503649,165.164.216.204,3.17631
Gongdanglegi Kulon,8/13/2025,Tagopia,8810161920,48.65.243.237,5.15383
Bandar-e Torkaman,11/6/2022,Oyope,0045212627,185.190.12.178,2.3071
Huaikan,12/19/2020,Skidoo,9916623090,1.225.206.88,0.64353
Lujing Zhen,3/5/2028,Wordpedia,9877006499,239.230.46.199,0.94797
Tebingtinggi,8/1/2026,Skimia,4039643984,73.194.51.178,4.56916
Calanogas,3/28/2028,Ntag,1902597389,194.250.178.226,0.49527
Shtip,3/15/2027,Eabox,6937772017,251.156.86.180,0.03145
Tumxuk,2/6/2028,Mynte,9574142361,100.173.168.21,2.00519
Novoshakhtinskiy,2/23/2028,Bubblebox,0248702297,234.188.14.198,5.50499
Little Rock,2/15/2024,Feednation,4513391529,64.226.3.1,3.51328
Corujeira,12/28/2025,Leenti,5712775573,4.71.194.88,2.99007
Joaquín V. González,6/24/2020,Quimba,0630840636,134.234.0.110,4.17351
Likupang,3/14/2026,Browsedrive,0773027920,177.220.164.100,1.24707
Longquan,11/26/2029,Skyvu,4141083933,117.62.93.32,1.24968
Cândido Mota,8/24/2027,Browsedrive,3287500864,159.23.9.19,4.27583
Pojok,4/6/2024,Podcat,3624983776,6.47.234.14,2.70466
Cheping,7/25/2021,Kanoodle,1258272032,240.146.77.167,1.82381
Stockholm,3/21/2021,Voonte,8922716592,253.205.104.89,3.44825
Villavicencio,3/15/2021,Meejo,9569944218,157.255.219.240,1.93136
Primero de Mayo,2/5/2026,Jetwire,7546571448,245.251.245.161,5.15049
Guyi,10/31/2021,Mymm,0021467277,61.123.38.194,4.51817
Haixing,6/22/2024,Quamba,8469446096,2.36.200.99,3.56157
Wanxian,12/9/2020,Voonyx,7218335047,161.30.13.181,0.75542
Masiga,2/27/2020,Dynava,3007619629,203.104.108.21,3.43887
Lañgub,8/29/2024,Dynazzy,5136942134,97.245.86.41,1.15881
Hopetown,3/22/2023,Linklinks,0919649246,86.173.11.71,5.57102
Washington,11/1/2025,Avamba,1822242118,99.141.50.17,2.80999
Bautista,8/15/2026,Twitterwire,9693480465,40.64.104.86,2.32957
Bumbuna,4/9/2019,Roomm,1191372316,146.247.14.253,1.12215
Pemzashen,8/29/2026,Quamba,4010111089,229.208.231.47,5.72548
Dengjia,10/15/2028,Flashset,5454494623,126.125.235.198,4.26903
Zbůch,7/14/2021,Meejo,5491687936,76.90.57.119,4.65115
San Emilio,10/2/2022,Dabtype,0806388455,140.231.149.147,3.32905
Sabang,1/27/2021,Realblab,5481633914,112.198.104.86,4.20958
Markušica,8/7/2025,Mita,4408146242,228.235.129.26,3.17832
Erhe,7/1/2021,Digitube,9068978942,93.181.145.82,2.25209
Zhongzi,9/19/2027,Trilith,7635388681,157.184.126.192,0.47068
Isu,1/5/2026,Tazz,2548382494,141.113.64.11,1.00345
Arranhó,7/1/2026,Jatri,7960249350,231.223.222.255,5.85583
Stockholm,4/4/2029,Camido,8330173240,128.253.166.37,5.49318
Ivyanyets,3/19/2021,Kayveo,5743352194,118.100.208.99,2.94454
Danidehe,5/12/2025,Thoughtsphere,3334110931,26.2.170.60,2.47428
Ozëry,10/23/2023,Pixope,0259181226,107.222.89.10,5.58891
Dongda,2/13/2029,Voonyx,0355467674,84.154.182.215,4.89249
Yangmingbu,11/18/2022,Twiyo,4531379225,248.128.217.54,0.79645
Qintong,11/21/2028,Plajo,6821295417,170.108.46.210,3.24299
West End,10/17/2019,Avavee,5477825707,229.235.214.169,5.34347
Shuangshan,10/25/2029,Meevee,2759890066,139.244.25.176,2.24144
Al ‘Azīzīyah,5/1/2028,Tagcat,0969560494,10.95.179.22,1.64792
Ujungpangkah,1/31/2021,Topicware,7548194293,142.156.137.73,3.47734
Matozinhos,12/15/2028,Tagcat,5008184180,240.58.184.251,0.78074
Xiaozhai,1/22/2028,Photolist,9702248442,201.170.92.255,2.02233
Svetlyy,12/16/2019,Thoughtbridge,6274021914,125.173.142.79,4.28831
Baisha,3/9/2029,Snaptags,1739294343,234.228.25.153,4.51036
Songyuan,12/14/2021,Ntag,1341263215,212.123.196.167,5.94389
Vievis,10/4/2029,Divape,8667769495,53.10.182.131,4.92387
Shumikhinskiy,3/25/2023,Eimbee,2268487261,174.246.238.229,2.08791
Shinkafe,5/1/2026,Babbleblab,1775980065,115.77.4.93,4.93751
Cibebek,5/21/2022,Divape,9283171764,54.220.71.78,3.73369
Liugong,10/29/2019,Yodel,9987193501,21.82.191.93,1.43294
Khōshī,5/18/2021,Quamba,6799638701,142.207.10.15,0.58798
Iba,8/24/2022,Devbug,2797646657,4.147.108.231,3.55584
Minzheng,5/8/2027,Yodo,6101187969,107.241.98.163,1.46929
Changqing,1/7/2024,Twinder,5205276940,156.182.221.107,1.3381
Guarulhos,8/27/2019,Mita,9900455339,246.178.110.76,0.85507
Bao’an,9/3/2022,Dabfeed,6553028974,73.85.119.147,4.71318
Vale das Mós,4/27/2026,Topdrive,6989743956,146.97.224.55,5.375
Guingamp,1/27/2028,Jabberstorm,6563916368,173.24.78.36,0.28369
Gucheng,8/28/2028,Browsetype,7607360247,41.0.91.250,4.07306
Marina,1/2/2021,Thoughtstorm,0270089209,17.253.139.129,0.77246
Mekon,1/26/2022,Fanoodle,1438155050,18.167.84.137,1.48583
Lalapanzi,12/12/2020,Plambee,6219573595,11.61.154.228,5.3248
Antonio Toledo Corro,7/3/2022,Twimm,0900952342,154.165.159.35,2.62785
Hongtang,11/14/2020,Realbridge,8095133604,251.175.237.196,1.23617
Hoorn,7/1/2021,Kaymbo,0224498797,117.167.171.224,3.13775
Leeuwarden,2/15/2023,Dabfeed,0863274633,62.155.204.88,3.09568
Nikolayevsk,8/9/2019,Trupe,3770101375,20.65.25.245,4.42168
Tours,12/27/2026,Kwilith,7094482329,243.134.13.191,5.94042
Khemisset,8/31/2028,Twitterwire,6645599412,150.196.14.154,1.54022
Alupay,7/17/2020,Dynazzy,1245022938,41.203.117.205,1.10177
Cuogang,4/12/2025,Voomm,7841329997,30.221.197.38,2.6916
Abóboda,4/28/2023,Oyonder,4946936300,32.126.199.177,3.0822
Toyama-shi,5/10/2028,Quinu,3743980355,226.66.114.142,5.946
Xinshi,9/14/2026,Pixope,7285669717,217.14.33.246,1.60364
Linköping,3/18/2021,JumpXS,7108798549,135.143.81.80,0.6637
Gogosuket,1/8/2028,Vidoo,9984422550,73.229.191.137,2.03371
Rokycany,9/24/2028,Tagpad,8878604119,227.50.141.218,5.54971
Jalasenga,6/27/2020,Youopia,5884211104,78.233.137.132,1.37214
Heicheng,5/26/2022,Realcube,9327894758,157.109.213.210,2.15147
Xitiangezhuang,3/4/2025,Lazz,6727695571,221.166.4.149,0.62476
Riangderi,1/2/2021,InnoZ,7058920664,240.165.74.183,1.50221
Cankova,2/10/2023,Flipbug,2165843421,44.61.165.153,3.53798
Louka,8/11/2028,Digitube,2981814966,17.42.235.21,0.7675
Jianfeng,10/15/2029,Blogpad,3029177203,154.150.60.123,2.7083
Tari,6/14/2027,BlogXS,4512356339,63.212.149.255,5.3212
Khodasy,11/29/2024,Kimia,9211008379,39.86.63.75,2.49238
La Virgen,9/19/2026,Meemm,0613585763,73.172.179.254,4.2263
Rovira,7/1/2020,Katz,4728449785,223.153.168.231,1.17782
Babice,12/24/2023,Devcast,3538388016,96.159.208.7,0.78305
Cikaludan,7/19/2024,Meedoo,6340015646,131.135.93.211,3.27942
Besançon,8/15/2027,Livetube,4261165260,144.223.149.93,5.26498
Juan Adrián,5/17/2028,Edgewire,7246022007,233.42.113.220,5.5466
Baizhu,6/4/2023,Skimia,0326062238,187.227.108.178,0.12163
Barishāl,4/23/2022,JumpXS,6712458579,47.121.145.216,0.2596
Essen,7/15/2022,Zoomcast,9297656404,129.143.234.30,3.31691
Dengok,11/20/2026,Quaxo,8760709324,79.213.38.194,1.32587
Corujeira,4/15/2023,Eadel,6681148352,149.112.208.189,5.15359
Bagnères-de-Bigorre,1/9/2021,Zoozzy,6954936936,35.202.67.161,5.71721
Agusan,10/26/2024,Youspan,2220493881,48.37.131.53,4.56031
Laojieji,7/2/2021,Oloo,4706944791,115.209.43.116,4.74266
Urengoy,2/6/2028,Kwinu,6156450335,214.1.172.247,5.84955
Busia,4/7/2024,Janyx,2030415561,97.220.194.164,0.00956
Hullo,3/28/2027,Jayo,9066967609,169.170.77.177,0.4874
Pinhal General,1/27/2020,Zoonder,0677593864,72.49.172.226,2.72018
Jieheshi,2/27/2028,Twitterlist,3898251152,196.232.175.243,5.58666
Mekon,10/18/2029,Oba,5488792988,60.57.30.133,0.96451
Hedaru,8/9/2020,Skiba,4088471881,158.6.169.195,1.04223
Kon Dơng,3/11/2021,Topicblab,4593696275,56.148.212.165,0.25204
Vélo,5/17/2021,Tagtune,5516916712,186.42.125.56,4.6537
Donggaohuang,12/10/2027,Realmix,6716354344,131.1.252.46,3.90678
Fuling,9/29/2024,Skippad,9204092084,250.144.192.70,3.99071
Tanahwulan,3/27/2025,Gevee,5358136304,183.74.105.92,3.16918
Wujiaying,2/22/2019,Oyoba,8506932513,254.143.136.87,3.02676
Qiganjidie,6/8/2027,Tekfly,8768074077,173.220.134.219,5.70977
Tonggu,3/1/2021,Divavu,8319382270,164.139.80.58,0.33614
Saint-Denis,9/23/2021,Quire,6311467186,158.172.173.214,3.1707
El Guamo,6/12/2023,Browsecat,3193514977,13.140.73.214,4.47494
Ban Na,4/3/2028,Agivu,3274550248,55.71.146.100,5.20184
Saaban,2/10/2027,Fadeo,1019501014,236.218.112.161,4.61441
Sigaboy,1/18/2024,Tagopia,1466016019,89.234.159.210,3.30252
Nuuk,10/4/2021,Jaxworks,8964320263,132.210.110.33,1.8729
Mubi,1/25/2029,Edgetag,7105663669,47.160.18.59,3.92862
Yaguachi Nuevo,8/13/2019,Voonte,5224810272,205.244.126.31,3.40763
Thị Trấn Mộc Châu,1/15/2028,Skiptube,7193310054,177.139.142.222,2.88211
Galis,7/1/2027,Mynte,7824821722,214.161.38.24,3.10763
Tumaco,4/1/2028,Fadeo,7266218446,227.44.153.28,3.03268
Dongchengyuan,4/18/2020,Fivespan,2179308256,128.180.197.209,3.48991
Xinjian,3/25/2022,Skipfire,1367255309,94.181.236.155,2.25
Napuro,8/27/2019,Jabbersphere,3966597861,192.134.238.108,2.39774
Saint Louis,12/7/2019,Twitterwire,1459803914,32.27.223.248,2.64272
Chachoengsao,2/4/2029,Mybuzz,7445529578,81.18.26.165,0.5522
Vertientes,1/25/2028,Mynte,5262423191,181.157.106.31,0.73933
Brejoeira,7/14/2024,Yakidoo,0653221525,140.186.192.227,3.19261
Septfontaines,5/4/2024,Fivechat,6931066331,191.232.13.84,5.65682
Saint-Brieuc,6/6/2019,Brightdog,2859074511,72.235.84.13,4.7454
Caeté,9/15/2029,Ozu,5798518213,187.138.108.47,0.41838
Samut Prakan,9/18/2028,Feedbug,5221668971,56.140.200.86,3.46288
Cengjia,10/28/2021,Rooxo,3386583032,48.90.163.206,1.76658
Drybin,10/6/2020,Mydo,0895822539,135.112.154.72,3.13036
Maquiapo,7/5/2025,Tagfeed,2081880083,44.103.191.227,2.32246
Balagui,9/15/2023,Divanoodle,5590733979,85.157.230.79,5.72663
Předklášteří,10/17/2024,Photospace,6894664633,127.118.157.42,4.00857
Catujal Velho,2/19/2025,Jabbersphere,5846761275,166.225.159.136,3.17116
Sikka,9/15/2028,Agivu,4479851135,96.204.60.26,2.26338
Kupusina,9/5/2022,Vipe,4863677197,113.226.193.20,5.30047
Huji,9/23/2029,Yambee,0222674679,115.91.119.100,5.59918
Mariestad,7/15/2022,Gigaclub,7429018742,165.149.221.81,4.04821
‘Attīl,5/13/2026,Wikivu,0190296607,201.238.82.82,5.84014
Yan Nawa,1/2/2020,Cogibox,1068588977,8.171.68.95,5.50713
Clermont-Ferrand,3/2/2029,Fiveclub,4155636026,133.87.231.163,3.5589
Seiça,4/14/2020,Bubblemix,9896063370,242.98.98.123,4.66566
Saku,4/19/2025,Edgewire,2791705694,65.242.20.105,5.83474
Talun,8/10/2021,Eidel,7810269399,219.28.64.224,4.50578
Ludbreg,11/1/2029,Jazzy,3626149021,156.95.231.249,2.7093
Pertunmaa,9/11/2027,Voonder,0622226290,211.6.214.144,4.73612
Biwer,7/14/2020,Thoughtbeat,3898395189,149.253.34.207,2.30509
Retorta,4/6/2023,Quimm,1642155446,172.89.134.127,0.7173
Teculután,7/13/2022,Edgeify,3407888368,190.172.79.169,0.7296
Mirsk,9/23/2025,Yozio,2394613610,166.203.158.84,2.18227
Bruxelles,4/8/2026,Oyoyo,2790439273,127.226.27.79,3.54607
Huicungo,4/9/2027,Feednation,6314323630,168.17.15.137,1.23995
Jati,10/25/2025,Oodoo,4005179908,65.233.104.63,4.01014
Kalapagada,12/31/2019,Mycat,6138810902,104.135.238.198,1.3898
Ar Rawḑ,5/26/2022,Rhynoodle,2412998698,134.3.46.156,4.98772
Berck,4/24/2021,Demizz,9608519462,66.129.204.225,4.06527
Gilowice,7/7/2021,Eayo,3224797851,171.243.96.223,5.33897
Dehui,12/29/2024,Oba,2827715007,25.55.151.172,3.63817
Guanlu,7/11/2022,Ailane,8327746685,33.70.146.176,3.58326
Stockholm,6/17/2023,Gigazoom,1505277930,101.160.44.200,0.26358
Kitāf,7/17/2027,Yabox,1225033462,13.40.160.151,4.22598
Paulista,12/1/2019,Skidoo,6872374594,126.60.82.89,2.91147
New York City,12/3/2024,Chatterpoint,1239801238,61.47.159.249,2.92878
Linan,5/12/2028,Rhynyx,0998961493,144.126.165.145,0.35209
Coaraci,5/21/2021,Skilith,5206168084,194.74.206.37,1.3471
Nanyulinxi,5/5/2025,Kare,5742549504,84.157.132.4,2.72634
Ciénega,7/17/2022,Feedfire,8528612538,153.238.35.7,3.5941
Tân Phú,4/22/2024,Oba,6275552670,85.200.188.105,1.69128
Frederiksberg,1/21/2025,Dabfeed,4315249580,236.154.12.8,4.93743
Xiaohekou,6/13/2022,Youtags,5480848828,244.38.74.65,3.97294
Kiryū,11/3/2024,Voolith,8187421886,203.145.219.143,5.02245
Jastrebarsko,7/11/2028,Flipstorm,7906464982,62.75.130.191,3.95687
Stare Miasto,2/25/2029,Quinu,3397995841,64.156.220.218,3.85733
Medvedevo,10/12/2021,Livetube,2454756323,55.201.29.241,1.26965
Beaufort West,1/5/2026,Vinder,9514141245,43.222.204.43,4.74238
Staraya Kupavna,7/11/2019,Brainverse,7932405963,117.33.86.14,2.4276
Piritiba,7/7/2021,Ozu,8307492084,137.140.134.215,5.80693
Carvalhal,1/6/2023,Flipbug,9114087596,208.225.157.198,3.31354
Krasnoye,6/18/2023,Yambee,5973750248,12.180.41.197,5.81908
Langsa,5/12/2024,Voomm,1484281187,78.171.237.16,5.0326
El Mirador,10/5/2021,Yodel,8141693972,212.211.232.204,4.60376
Qaryat al Qābil,3/12/2027,Izio,7478505554,110.133.188.1,2.02231
Nangalimang,7/18/2027,Yombu,1006969705,246.11.51.58,1.14232
Binonga,5/21/2027,Edgeclub,5875757140,39.207.38.46,1.97359
Mont-Tremblant,12/6/2025,Shufflebeat,6866705789,52.219.75.247,3.13544
Wólka Pełkińska,12/16/2025,Reallinks,6570101234,176.61.90.73,1.97324
Mūsá Qal‘ah,9/27/2027,Innotype,7262769634,70.151.139.209,4.7757
Gračec,9/26/2027,Bubbletube,4531080335,35.8.138.113,0.60791
Frankfort,2/28/2021,BlogXS,6933976041,108.17.240.229,5.53079
Sarpang,6/17/2027,Quimba,3905208652,230.155.167.55,0.05266
Farinheiras,12/20/2020,Zoomdog,5673016549,128.169.131.19,2.92828
Sishui,2/11/2025,Flashspan,5716577911,36.88.206.93,5.97626
Xiaxindian,5/27/2026,Oozz,8091444842,221.108.235.53,2.61468
Matiao,10/2/2022,Yacero,0297308424,240.121.70.218,1.61978
Tama,11/14/2028,Realcube,6340799124,21.64.245.183,5.05346
Dongping,12/21/2023,Gigabox,6021078950,230.79.42.92,5.04719
Xiekou,10/29/2019,Feedspan,3945669944,205.240.59.255,1.16456
Nakhon Luang,8/15/2021,Zoovu,8031520801,142.214.14.176,5.35796
Malāyer,12/6/2027,Eayo,3858872040,17.161.78.40,2.09561
Mörön,2/11/2026,Skyba,2580179984,207.53.96.182,0.08057
Paraíso,2/7/2021,Dynabox,6219606981,97.2.32.135,0.54776
Lukrejo,3/27/2024,Agivu,4665994897,253.86.155.64,1.96132
Karangwungu Lor,10/13/2022,Realfire,5880833224,171.105.22.51,3.64761
Saint-Denis,7/7/2020,Realblab,2965152369,61.134.22.160,5.1151
Bayasgalant,9/6/2020,Oyope,2435023871,127.245.132.25,2.88267
Pancoran,11/27/2023,Rhyloo,9580056943,206.60.98.119,3.57561
Neundeut,8/29/2019,Plajo,6472432171,82.68.95.72,1.28321
Žďár,11/24/2028,Eire,1270507893,66.158.148.56,1.57081
Maoya,6/5/2025,Tazzy,1368737137,34.80.131.127,5.12629
Akunk’,12/29/2021,Flipbug,3001037970,218.57.31.109,4.94984
Söderhamn,6/19/2028,Mybuzz,4356971922,202.21.238.23,0.31548
Tyler,10/3/2024,Dynabox,4018929250,33.39.189.48,1.54375
Uttar Char Fasson,11/14/2025,Demivee,2453207210,148.113.213.67,2.52883
Montpellier,6/21/2029,Tagcat,8643284440,114.233.61.177,5.18828
Thaba Nchu,1/29/2023,Meemm,5103822067,64.199.8.185,5.90496
Mtambile,12/25/2022,Dynazzy,4589582503,194.5.104.80,0.91216
Lages,3/8/2025,Oyoloo,5550431726,110.137.198.234,2.66494
Sami,2/26/2021,Quatz,1781845263,129.62.39.190,4.1908
Vale Covo,4/7/2021,Mydeo,1886439559,125.169.234.26,0.29882
Tampocon,2/27/2020,Fliptune,8993620245,56.252.225.23,5.53663
Mashi,4/1/2021,Voonte,4733009291,43.17.245.235,2.98075
Nasilava,7/7/2020,BlogXS,4783615608,135.207.43.200,2.17389
Parzęczew,7/3/2027,Oyonder,5013291445,214.182.57.10,5.16187
Tekeli,3/21/2026,Youspan,1190966239,183.88.255.227,3.82828
Néa Mákri,8/10/2028,Zava,5223222628,100.185.162.104,4.79431
Pevek,7/25/2023,Brightbean,3769286499,0.137.120.151,5.47175
Leuwibuleud,6/28/2025,Feedspan,3382511096,216.97.200.127,5.53019
Saint-Quentin-en-Yvelines,3/19/2027,Thoughtworks,9645701104,235.111.126.237,0.92688
Trashigang,4/20/2028,Dazzlesphere,1795420014,102.253.20.40,0.13237
Carvalhal da Aroeira,9/8/2029,Shufflebeat,2860677216,74.123.202.110,2.44037
Jingzi,10/10/2028,Digitube,3273407638,213.182.21.242,0.74849
Armen,8/28/2028,Brainbox,9143751814,248.19.77.158,5.34794
Sevlievo,2/8/2024,Avamba,4254771991,122.185.25.137,4.87199
Moravský Beroun,8/11/2025,Janyx,6007275833,97.210.152.110,3.00761
Dawung,12/22/2019,Gabcube,8536419504,171.64.228.63,3.31103
‘Ibrī,9/8/2026,Katz,9737500377,90.207.79.233,1.27432
Buenos Aires,2/12/2029,Oozz,2119783829,212.97.211.245,4.89356
Sydney,5/2/2024,Digitube,8965777917,76.102.39.26,3.85765
Koudougou,4/21/2028,Skidoo,6617230094,193.71.202.108,0.66015
Norakert,2/14/2029,Mita,7623529358,65.106.62.222,3.79672
Goworowo,11/15/2021,Lazz,4475810965,29.87.51.103,2.5079
San Agustin,4/3/2024,Dabfeed,5930273480,96.200.125.2,5.99384
Balai,11/3/2024,Edgetag,6776611262,147.14.255.217,2.18769
Selajambe Satu,6/30/2019,Yabox,5663808949,106.117.202.15,1.84112
Niort,1/3/2028,Meevee,0727185977,168.244.40.238,5.13718
Vila do Maio,9/23/2019,Ntags,5442458082,191.195.173.23,2.49599
Santa Maria Oliveira,8/2/2028,Zoomlounge,9310642181,161.83.187.3,3.74489
Yanglang,3/26/2021,Blogtag,2989339817,109.248.179.0,2.51648
Zhenchuan,2/26/2029,Oyope,6683942889,150.71.123.177,2.00794
Kaduketug,11/27/2025,Jabbersphere,4891470585,219.162.189.136,3.3958
Da-an Sur,4/13/2020,Edgeclub,9296289718,184.140.224.135,4.45517
Wu’an,7/27/2019,Photobug,2147979139,143.226.6.176,2.37246
Spas’ke,5/28/2025,Twitterwire,0440856167,112.79.205.237,1.87757
Černelavci,4/16/2028,Trudeo,3428341546,152.254.171.83,2.20592
Cungking,6/15/2027,Trilia,5982152013,133.116.121.1,1.30506
Karpacz,8/2/2025,Mybuzz,5987796202,128.207.90.154,0.14179
Łomża,5/4/2020,Twinder,9892260422,187.188.220.201,3.37804
Laholm,9/4/2029,Avamba,9572922556,22.45.96.211,3.22322
Delvinë,6/13/2028,Brightbean,6519584940,65.250.152.94,2.93774
Dalai,1/9/2026,Buzzshare,4763678914,9.64.215.12,0.62438
Shevchenkove,8/17/2022,Youopia,3749032238,186.217.4.75,0.831
Muñoz East,1/7/2023,Mudo,6218382222,132.155.31.68,3.00072
Ugep,7/23/2026,Babblestorm,9686840214,238.151.15.242,3.79188
Tangkou,2/12/2021,Centimia,0875032583,164.8.111.83,3.23794
Sumpur Kudus,2/17/2019,Fiveclub,8217637741,172.136.173.179,0.29
La Estancia,2/18/2021,Topicshots,4717069986,113.157.138.181,2.78683
Surat Thani,2/12/2021,Avamba,9112251534,81.122.5.168,1.21745
Dahao,5/13/2029,Jamia,9623784031,230.161.8.179,2.70457
Dake,1/4/2023,Meeveo,2099533989,26.200.116.192,3.64754
Almaguer,3/9/2022,Devpoint,9620356918,113.255.28.249,5.90507
Swan Hills,5/5/2023,Rhynyx,5947271206,208.106.248.121,2.28645
Kępie Żaleszańskie,2/28/2025,Thoughtmix,1420759418,235.212.165.209,5.87942
Azeitão,4/19/2020,Agimba,7393306220,164.68.9.174,3.31218
Mekarsari,10/9/2021,Buzzshare,0416846483,53.193.58.178,1.48261
Tegalalang,5/12/2020,Ozu,9974467012,94.158.188.6,1.09492
Ārifwāla,9/24/2029,Photofeed,0675568404,223.45.163.241,5.29147
Hengpi,8/1/2019,Photospace,1047635992,202.161.50.190,1.165
Diaofeng,9/19/2028,Realblab,5403794581,150.207.71.211,3.12258
Kamienna Góra,6/23/2024,Kare,0565586238,208.41.201.64,4.09942
Lepaterique,5/3/2027,Voonyx,9475965564,249.147.228.208,3.2769
Penha,9/3/2022,Twimbo,9694083230,23.29.191.56,2.00065
Ciudad Sandino,6/8/2023,Skidoo,6826256266,91.26.242.168,3.76874
Balīlā,2/24/2025,Skyble,3078220524,241.110.244.72,2.35624
Lelystad,2/16/2025,Rhyzio,7471781963,198.123.143.188,1.72151
Le Port,11/5/2025,Kayveo,8822095340,200.203.43.216,1.99561
Awjilah,2/3/2019,Avaveo,8714852284,75.84.220.129,2.81896
Guarujá,4/7/2020,Thoughtbeat,2166505139,44.184.55.84,4.14379
Turirejo,11/11/2024,Quaxo,3791734571,121.218.28.92,0.92602
Nossebro,4/15/2022,Agivu,1140587536,53.182.39.135,2.96758
Monção,11/10/2021,Gabvine,4901492535,69.224.229.131,3.39942
Johor Bahru,7/29/2019,Dynabox,7374601905,145.155.192.129,5.85187
Praia de Mira,5/20/2023,Skyndu,4121217144,146.180.164.95,2.4443
Šavnik,10/21/2028,Vimbo,1396398988,130.168.229.28,5.02465
Malusay,7/8/2024,Jabbersphere,4720443745,8.95.86.74,0.03361
Pokrovskoye-Streshnëvo,1/23/2023,Minyx,4765331164,152.203.109.71,4.62754
